content,published_at,link,word_frequency,title
can not load page,2012-11-08,http://www.cenews.com.cn/xwzx/fz/qt/201211/t20121105_731438.html,,《民事诉讼法》修正案为环境公益诉讼打开了一扇门 
can not load page,2012-11-08,http://www.cenews.com.cn/xwzx/hjyw/201211/t20121105_731439.html,,《民事诉讼法》修正案为环境公益诉讼打开了一扇门 
can not load page,2012-11-08,http://www.cbt.com.cn/a/chanjingxinwen/yejiejujiao/2012/1029/20684.html,,京城医疗行业试行“看病分期付款”
can not load page,2012-11-08,http://www.cbt.com.cn/a/chanjingxinwen/yejiejujiao/2012/1105/20869.html,,家具“以旧换新”能否接棒家电“以旧换新” 
can not load page,2012-11-08,http://www.cbt.com.cn/a/chanjingxinwen/yejiejujiao/2012/1108/20967.html,,洋品牌国内“高身价”的背后 
can not load page,2012-11-08,http://www.cbt.com.cn/a/chanjingxinwen/yejiejujiao/2012/1108/20966.html,,团购陷入“停业潮”消费者权益亟待保护 
can not load page,2012-11-08,http://www.cbt.com.cn/a/chanjingxinwen/yejiejujiao/2012/1108/20965.html,,技术创新引领多门冰箱抢占市场 
can not load page,2012-11-08,http://www.cbt.com.cn/a/chanjingxinwen/yejiejujiao/2012/1105/20868.html,,互联网零售冬季“比暖”风生 
can not load page,2012-11-08,http://www.cbt.com.cn/a/chanjingxinwen/yejiejujiao/2012/1107/20933.html,,航班延误都是天气惹的祸？ 
can not load page,2012-11-08,http://www.cbt.com.cn/a/chanjingxinwen/yejiejujiao/2012/1107/20932.html,,本土智能手机创新求生存 
can not load page,2012-11-08,http://www.cbt.com.cn/a/chanjingxinwen/yejiejujiao/2012/1107/20931.html,,闪建APP抢占移动互联营销入口 
"����,����Ƶ���ڻ����ֲ���,���������й�����ȷ�ϣ����α����й��ܲü���ϯִ�й�,���ڽ���12��ж�Σ�����,�ܲ�������˹�Ѿ�ִ�Ʊ����й�����6��֮�ã��˷���������ҵ�����ɣ����Ƿ���Ϊ�����ڻ��г����ز����񵥣��������������������ڻ�ƵƵ����������Ͷ�ߣ������ǹ����ı��ۻ��ǽ��ڵı��۶�����Ƶ��������9�·ݣ������������⵽10���û�Ͷ�ߡ������й����õķ�չ���й��г��Ժ�����Ʒ�Ƶ���Ҫ������͹�ԣ������ڻ����ֲ����ܿ�Ӱ�쵽����ȫ���г�������������ȥ�걼����ȫ���������Ѿ�������,�������1��7�������µ�,������������һ��������,����,��ͣ���ۿ��µ�,����10��24����Ϣ���������ű��������������������Ż����������󣬱���������������ѹ�������ѵ��������Ĳ��ԡ��ܴ󸣣�1929�������ܾ������ܻ���ʾ�����۵�����Լһ��3����5�꣬δ��һ����������һ��Ҫ���⣬��ȥ��������֧ռ����2%�����۵��̵Ĳ��������ɣ����ǹ�˾��ʱ�����ڸۿ����̡������г���Ϊ�������ļ���10�·���12�·ݣ����ڴ�ͳ�������������Ž�ĿЧӦ��������ʾ��ÿ�����ļ��ϵ�����Ϊ�ѣ���������ʥ���ڵ��鱦������ȥ��ͬ�ڳ�ƽ��,�����ݿ���ͳ�����й����г�����,�����ݿˡ����ձ�����վ10��23�հ����ԡ��ߴ�����•����˹���������������й��������г���Ϊ�⣬�����ݿ���ͳ����Ƭ�������й�һ�ҵ綯���г���˾�����У�������˹��ͳ���˲���֪������Ϣ���ݿ���ŷ��Ԯ������վ����Ϣ����˵������˹��ͳ����ǰ��һ���й��綯���г���˾�ڽݿ˵ķֹ�˾�Ƕ��õ�һ���綯���г����ɽݿ���Ա������������ڿ���ά�����߶�������ת�����������������Գ�ʱ���µ���Ƭǩ�����ĸ��Ǽ��й���˾�Ķ��³��Ա���л��,����ƻ������С��iPadƽ������,����10��23�գ�����ƻ����˾23�շ�����Ļ�ߴ���С��iPadminiƽ�����ԣ���һ�²�Ʒ������������ƽ�������г��ϵ�������λ��ƻ���߹��ڵ����ڹ��ȳ���ʥ�������еķ������Ͻ���˵��iPadmini��ʾ��Ϊ7.9Ӣ�磬��Ҫ������ƻ����ǰ��9.7Ӣ����ĻiPad���ƣ�������7.2���ף���Լ308�ˣ��ȳ���iPad��Ϊ�ᱡС�ɡ�ƻ������˵��iPadmini�Լ����Ĵ�iPad��Wi��Fi����Ʒ����11��2�տ�ʼ�ڰ����й��������ڵ�30�������Һ͵������ۣ������ͺŽ�������֮�����С�,�����������������ش��춥��Ʒ��,����10��23�գ��С�����Ӫ��������һǿ�ˡ�֮���ı���ǰȫ��Ӫ���ټ�ķ•˹�Ǹ�Я��10���������������������δ������綥��Ʒ�ơ������й������й�Ӫ������ʿ��ͬ̽�����δ������綥��Ʒ�ơ���ǰ������������һ����Ӣ�İ棨Grow����ŷ��ҵ�練���ļѡ�����Ϊ��10�ꡢ����ȫ��5����Ʒ�Ƶ��о�������ȫ������������50��Ʒ�ƣ��̶����֣�Ʒ��������ȷ�����᳹������ЩƷ��Ͷ�����泬������500ǿ��˾400%�ĸ���ԭ����ȫ�鼴Χ��ȫ����������50��Ʒ�ƣ����г�Ϊ��˹�Ǹ�����Ʒ�ơ����ĳɹ�����չ����,�������̲������������ͽ�,����10��23�գ������ҵ�����ͼ�鹩�������¾������߱�ʾ���յ�����������Ӧ�Զ��Դ����۸�ս��֪ͨ����֪ͨ�ƣ�ΪӦ��ĳ��վ�����ĵ��ڳɱ��Ĵ����۸�ս�����ȷ��𷴻������������̱����е����ִ������á�����ͬʱ��Ϊ�˳ͽ��������μ���������Ĺ�Ӧ�̣�Ŀǰ�������ļҳ���������ͼ�鱻���������¼ܡ����˽⣬��������10��22����չ��13��������������ص��������漰��������Ʒ������ͼ�顢3C��Ʒ�����Ǵ�������ͷϷ����������֪ͨ��ҪҪ�����й�Ӧ�̱����μ�11��9��ǰ���ĵ������٣�����Ӧ����֧����ڼ䣨5�죩����������20%��Ϊ�������õȡ�,����������,Ԥ������Ԥ��,����10��22�գ�,������ǰ����Ԥ����7�ڵ�ӯ�����湫�档����A�����е�,(,,,)���ϰ���,�»���ʵ���꾺����ѹ���Լ��߶��ĳɱ�Ҳ����������λ���ҵ���ͷ��������ʦ��Ϊ������������������ҵ������һ����̫�ֹۡ������������ȹ����ƣ�Ԥ�ƽ�������9�µף�ǰ�����Ⱦ�����Լ6��Ԫ��7��Ԫ(������)�����е�������Ԥ�ƾ�����Լ1����2��Ԫ�������ϰ��꣬������ʧ5.01��Ԫ��������������ҵ���������˱�ʾ��������Ҫ�����������»����˹�������������������������ҵ���������¡�,����,(,,,)���ٺ��շ��̱���Ȩ,����10��23�գ��ӹ����ٺ��շ���ҵ���޹�˾���ظ����˴���Ϥ��11��6�գ����̱���Ȩһ�£��ٺ��շ�����ę́�ڱ����з�̨����Ժ�Բ����á�10��22�գ�ę́���ٺ��շ��ڱ����з�̨������֤�ݽ����������ٺ��շ��ṩ�Ĵ��������˽⵽������������2011��5�·ݣ�����������վ��������ę́���ٰ�һͬ������һ������Ϊ037561��037562�����ٺ��շ��Ĳ�Ʒ����������������ԭ���ٺ��շ�����Ϊ���²�����֮�����ϲ�Ʒ����16���º����ٺ��շ������յ���ę́������״�����Է�Ժ�Ĵ�Ʊ��,����,�ߵ��ƽ顰�¹����衱,������87��ȫ���Ǿ���Ʒ���׻���10��18���ڸ��ݿ�Ļ����������������Դ�������޹�˾���³��¹����ֳ����ߵ����ơ��ٴ����������㷺��ע�����죬���Գ¹�����ɫʳƷ��ҵ�ɷ����޹�˾���³����������Ǿƻ�չ�ݣ��ƽ顰�¹��ꡱϵ�в�Ʒ����������,��ҵ�������ˡ���˵�����費��Ϊ��׬Ǯ������Ϊ�˻��������ˡ������ˡ������ģ������¡����ﵽ�����������������Ƶ�Ŀ�ġ����ܲɷ�ʱ���¹���˵����ÿ����һ�����ϣ���������ëǮ�����ƣ�ÿ���ȹ��������������ƿ�����ƿȫ�������ơ��󡢴�����������������������,������ר���������ع������Ǽ�ð,�����������ӡ�ÿ���������桷�ع⣬�г������۵���ν��ר���������ع�����Ʒ�������Ǽ�ð�ģ�Ŀ����ͨ���������ֶ����߲�Ʒ�ļ۸���������Ʒ����������10�¿�ʼ������,������ִ���������ϣ���չ�����������ټٽ����һ��������������ۡ��ع�������ר������Ʒ��ר���ж������߸���ִ����Ա�ڱ��������ݵȵص��鷢�֣�������Ʒ��Ҫ�����ڰ׾ơ����ơ���Ҷ�������ϣ��������ӡ������侯����������̨�����ݡ��������������á��ȵ�λ���ˡ��ع�������ר��������������,��������ę́�̱깫ʾ�ڽ���,���������̱��ֹ�ʾ������ę́��ע���̱�����������10��20�գ�3���µĳ�����ʾ�����ڽ��������ݹ涨���������¹�ʾ��������û�����飬������ę́���̱꽫��ʽ�߱�,���塣�ɶ��̱����������ڹ����̱�����վ��ѯ��������10��12�գ���22���������������飬������վ���´���ʱ��������˿��ܽ����ࡣ�ݽ��ܣ���Ȼ������ʾ���ѽ������������������̣��ö��Ƿ�ͨ������Ҫ��һ�������ҵ�ʱ�䡣�����ö������κ�һ���������飬������Ҫ������ʱ�䡣,����,������������ͣ��Ӫ,�������ű����󣬽��գ�24ȯ������������ͣ��Ӫ��24ȯ��վ������������˾��Ӫҵ�����ش���������˾�������̼ҡ��û���Ա�����������ĽǶȣ���ʱ����һ��ʱ����""������""��������δ���ļ���ʱ�����޷�Ϊ���ṩ���񡣡�24ȯһ���ڲ��ļ�����ʾ�˹�˾ͣҵ����ʵԭ����Ͷ�ʷ����Ի��߹�˾240����Ԫ�ʽ𣬵��¹�˾��Ӫ������������Ǯ�����ٴγ�Ϊȱ��������Ѫ�������Ź���վ���µ�������ҵ����Ϊ��̽���ܹ�ӯ������ģʽ�Ǵ����Ź������Ĺؼ����ء�,�����Ϳ�����ʹ������Ⱦ������ɫ,����10��15�գ������й��ַ̾�����Ϣ�ƣ��Ϳˡ�361�㡢PLUS+��dadsolid�ȹ���֪��Ʒ�Ƶ�Ƥ����ȫ�������������⣬�����Ϳ�Ʒ�Ƶ�һ�����������ⷢ������Ħ����������ɫ��ֵ��ע�����ǣ������������ڰ����Ϳ�Ҳ��һ����Ʒ�ڴ˴γ����б��϶����˲�����һ�㲻�ϸ񡱡�����ϸ���Ʒ�ǹ�������ɳ����ɳ�������˶���Ʒ�����۵��Ϳ���ʤ��Ů������(�ͺţ�BA2749 271 112008 EWN/MISC)������������Ħ��ɫ�ζȲ��ϸ񡣸ð�������ʢƤ��(����)���޹�˾������,����1�ŵ���������������ģʽ,����10��15�գ�1�ŵ�����ҵ��������ȷ���䲻���Ƴ�����ʵ���ꡣ����ͬʱ��1�ŵ��Ƴ�����ʵ�����Ĵ���ģʽ��1�ŵ�����������������ģʽ������һ�ִ����ƹ������Ϥ���û��򿪡�����1�ŵꡱӦ�ú������ж�λ��Ӧ�û���������������1�ŵꡱ��λ�ã���ָ���û�ǰ������һӦ�ÿ��Է�����ʵ���³��еĻ��ܡ���Ʒ�͵���λ�ã�����GPS��λ�ķ�ʽ���û����߱߹䡣Ŀǰ��������1�ŵꡱ�����ṩ������Ʒ�ʹ���ȯ���û��в�������һ�ͻ�����ֱ�ӹ�����Ʒ��,����,��쳶����ܽС����ơ�,������Ϊ���������ĺ��Ƴ��̣�������쳶����Ѿƹ�˾��ͼ���й���½ע�ᡰ���ơ��̱꣬û�뵽ȴ��ĳ������ע���ˡ�����ׯ԰���̱ꡣ�����е�һ�м�������Ժ10��15������ͨ������쳶���˾���о�����ע�ᡰ���ơ���Ϊ���̱ꡣ2008��6�£���쳶���˾���̱�������ע�����룬Ҫ���������̱�ָ��ʹ�������Ѿơ��׾Ƶ���Ʒ�ϡ�����ǰ�Ͼ�һ��ҵ��˾��ע�ᡰ����ׯ԰����Ϊ�̱ꡣ��쳶���˾�����̱��ֵĲ��ؾ��������̱�����ίԱ�����븴��������ί����쳶���˾���������Բ��ء���쳶���˾������������ί��������Ժ��,����Kappa��Ʒ�Ʊ��ع�Ӧ����Ⱦ,������ǰ��5��������������֯����Ȼ֮�ѣ����ںͻ�������,(IPE)����ɫС��Ȯ��Envirofriends�Լ��Ͼ���ʯ�ڱ������Ϸ���ʱ����ҵ�ڶ��׶����౨�档�ñ���ǿ���й�һЩ���ͷ�װƷ�ƹ�Ӧ���Դ������صĲ���֮�������������й��ͺ����������������ǵ��������ƶ���ЩƷ�Ƴе������ǵĻ������Ρ��ݻ�����֯͸¶��19�Ҳ�����Ӧ����ҵ�У�������ʿ�ᡢPolo Ralph Lauren��361�ȡ�Kappa����̤��÷���ٻ��������ᡢCalvin Klein�����ָ����̼Һ�Ʒ�ơ�,����ɯ�հ�˼ҩƷ���α��ز��ϸ�,�������գ��㽭ɯ�հ�˼ҩҵ�ɷ����޹�˾��,��վ��¶���й�˵���鲹���塣��˾���˴��ڹ���Υ�������⣬����������ҩƷ���ϸ�����Ҫ��Ϣ����ǰ��ɯ�հ�˼������Ʒ�������ϰ�,��������ɯ�հ�˼�й����걨�����ڽ���2��8��Ԥ��¶������������ֹ���顣�����Խ���2��1��֤���ṫ��������ҵ���������������׵���Ԥ��¶��ҵ��ֹ���飬Ҳ������������ҵ�״γ�����ֹ����״̬����ʱ��ɯ�հ�˼���ذ칤����Ա����ʾ����Ҫ�ǡ�������Ҫ���䷴�����ϡ�����,���������޷����ɣ�������������ֹ���顱��,��������PC��Խ���ճ�ȫ����һ,���������г����л���IDC��Gartner10��11���賿�����˵�������ȫ��PC�г�,��IDC��Gartner�����ݾ���ʾ��������ȫ���г��ݶ��ٴ��¸ߣ���15.7%�����ȳ�����Ҳˢ����ʷ��¼���ﵽ��1380��̨��IDC��������ʾ������ͬ������10.2%�������յĲ�������С��0.2��,����Gartner��������������������PCȫ���г��ݶ��ѳ�������0.2���ٷֵ㣬��Ϊ����ҵ��һ��ͬ������9.8%���������ҵ��й�˾����ͳ������ѡȡ������ͬ�����������������Ĳ��졣����IDC��ͳ�ƣ������Ѿ�����������ȫ����ҪPC�����б������������٣�����14�����ȳ�Խ������ҵ������,����������������ϴ��ˮ���ϸ�,������ǰ������,�ڹٷ���վ������8�·ݽ���ʳƷ��ױƷ���ϸ���Ϣ����Ϣ��ʾ����������(�й�)Ͷ�����޹�˾���ڵ�ϴ��ˮ����֤�����������ٴ�����˽⣬��������(�й�)Ͷ�����޹�˾���ڵĸ������ϸ���ƷΪ,��ͷ������ϴ��ˮ�����ϸ�ԭ��Ϊ��֤�����������ڰ�Ϊ�Ϻ���Ŀǰ�������ٴ�������ʼ��ܾ�ǿ�������ϸ����ε�ʳƷ����ױƷ�����������˻������ٻ��������ô��δ�ڹ����г����ۡ�,����������˹���ء�ȱ��������,������ǰ�������������߷�ӳ����������ȫ�������ŵ������Ѿ�����������˹��������˫�������ܴ������ֵ��������ص���������Ϊһ�ҿ���Ʒ�ƣ�������Ϊ�������ڲ����š����˽⣬һ�ݵ���������Ӧ��85�ˣ�ÿ���ۼ۸ߴ�33Ԫ��ƽ��ÿ�˼۸�ԼΪ3��9�֡���һ��˫��������Ӧ��155�ˣ��ۼ�59Ԫ��ƽ��ÿ�˼۸�ԼΪ3��8�֡���һЩ������˹�ŵ����ܣ��е��ŵ�ÿ�춼���������ٸ������������й�Ʒ���о�Ժ��ϯ�о�Ա֣ѧ�������߳ƣ���������˹����һ��Ʒ��ʵ��û��Ҫ��������ȡ�ɣ���ʵ���Ϸ�ӳ���ǹ�����˹����������Ӫ�����д��ڹ���©������,���������չ���ѩ�ɿ�����,����,ҪԼ�չ���������ѩ�ɿ˵����ع����޹�˾���裬��ѩ�ɿ˶������½����ɶ������ܺ�����ҪԼ������10��8�ձ�ʾ������ÿ��1.2������Ԫ���չ��۲��䡣����ȫ��������ѩ�ɿ�ҪԼ�����������ܣ�ҪԼ�ļ�����9��26�ռ��͸��ɶ���ҪԼ�ļ��涨��ҪԼ����2012��11��6������5�㣨������ʱ�䣩����������ͨ��ȫ���ӹ�˾����������Ͷ�ʿع����޹�˾����ÿ��1.2������Ԫ���ֽ�ҪԼ��������Ȼ��������ҪԼ�Թɶ���˵�����˼��õļ�ֵ��,����,��ҵ����������ҵ,���������ع����޹�˾���³������عɣ���ǰ�ڳ�ɳ���������¾�ҵ��˾����Ϊ������ҵ�ع����޹�˾���³Ʒ�����ҵ���������������ع�ȫ���ӹ�˾���������ࡣ�ڲ���һ������ʱ���������ҵ�������γ����չ������Ҳ�ͬ�����İ׾�Ʒ�ƣ�Ŀǰ���°׾��ʲ��ѽӽ�20��Ԫ����ȥ��6����1.3��Ԫ���ú��ϳ���������ҵ39%�Ĺɷ�֮�󣬷�����ҵĿǰ�����ɶԺ���������ҵ���ӱ����Ǿ�ҵ��ɽ���׸��Ҿ�ҵ��ȫ���չ������չ�+���衱���������ع���Ϊ������ҵ����Ҫ;����,��������ţ���̱���������ţ������,������ĳ�������̱ꡰ��ţ�����������͵Ȳ�Ʒ�ϣ�Ϊ�ˣ����ɹ�,(����)�ɷ����޹�˾����׼���µĹ��ҹ������������ܾ��̱�����ίԱ��(���ơ�����ί��)������Ժ�����գ�һ��Ժһ�󲵻�����ţ��˾�����ߡ���Ժ��������Ϊ��Ŀǰ������ţ���̱�ָ��ʹ�õ������͡��󻬼�����Ʒ�롰��ţ���̱���ʹ�õ�����Ʒ��Ʒ�����Խ������ڹ�����;�������������������Ѷ����ȷ��������ڽϴ����죬����ţ���̱���ע�Ტû��Υ���̱귨�Ĺ涨��,�����ŷ������������⵽����,����10��5�գ�����ʳƷҩƷ�ල��������վ�Ͽ����������ŷ��ľ����š��������б�ʾ�ŷ����»���Ʒ�ơ�Anew�������޸�˪����˪����Ƥ˪�Ȳ�Ʒ�����������������������߹���ʹ�øò�Ʒ���ŷ�������Ƥ˪�İ�װ�ϣ������Եر�ע�����ò�Ʒ�����޸�����Ƥ����֯���½�ԭ���׹��ɡ�����ע��������Ƥ�������������ŷ����俹��ע��Һ��Ʒ�У����ơ���48Сʱ�ڿ����ؽ������Ľ�ԭ���ס�����Anew��ϵ�в�Ʒ���ŷ������ǲ�Ʒ���ڰ����й����ڵ������г������ܸߡ���,
,  ���ã���ӭ���������ۣ�  ,   ,�������������������Ľ��������߱��˹۵㣬����Ѷ���޹ء���Ѷ��վ�����г������۵��жϱ����������������������ݵ�׼ȷ�ԡ��ɿ��Ի��������ṩ�κ���ʾ����ʾ�ı�֤�������߽����ο����������ге�ȫ�����Ρ�",2012-11-07,http://stock.hexun.com/2012-11-07/147697962.html,,品牌事件 10月度品牌事件
,2012-11-07,http://sxbj.wenming.cn/tszs/201206/t20120615_251642.html,,“绿色名片”彰显海口魅力
"　　法制网北京11月6日讯 记者 郄建荣 环保组织自然之友有关负责人今日透露，针对北京香山红叶节期间垃圾量骤增，今天自然之支和中国垃圾论坛向游客发出《爱护香山环境倡议书》，呼吁大家游玩时不随意丢弃垃圾，共同维护香山的美丽。,　　据报道，今年北京香山红叶节期间，香山公园非周末日均清扫5吨垃圾，周末日均清扫8吨。而 10月27，28日，香山24万名游客赏红，创23年历史新高，环卫工人日清垃圾2400公斤，80袋垃圾。,　　游客的增加，不仅带来了大量的垃圾，也大大增加了环卫工作的工作强度。为此，环保组织呼吁大家体谅环卫工人辛苦。,　　倡议书呼吁，游客户外垃圾应当分类投放，不应随意丢弃；垃圾可以进行干湿分类，分别投放。由于目前大部分景区还没有实现垃圾分类收集和运输，因此，环保组织积极倡导大家把垃圾带回市区，分类投放处理。或者，投进景区的垃圾桶，同时，尽量分类投放。,　　这位负责人透露，为鼓励更多朋友参与环境保护行动，自然之友登山队也将在近期组织大型“清香”（清理香山户外垃圾）活动。他表示，“清香”志愿活动已经开展了7年多，根据自然之友志愿者会对垃圾成分的分析，其中，食品塑料包装的数量位列所捡垃圾的第一位，纸巾和卫生纸排列第二，湿纸巾及其包装排行第三。,　　自然之友固废组负责人田